{"_class":"document","do_objectID":"95E686EC-065F-44CB-9693-090E4FB60666","colorSpace":0,"currentPageIndex":0,"assets":{"_class":"assetCollection","do_objectID":"33E6E36F-6D8C-4887-B995-E84C11F96D04","exportPresets":[],"imageCollection":{"_class":"imageCollection","images":{}},"colors":[],"gradients":[]},"fontReferences":[],"foreignLayerStyles":[{"_class":"MSImmutableForeignLayerStyle","do_objectID":"ABC0C392-E0C5-46B1-97E0-55CF21F5C07C","libraryID":"7c426da5-9ba2-4a83-82ed-a17897a3f7b8","sourceLibraryName":"Google Material","symbolPrivate":false,"remoteStyleID":"BE893134-BD4E-40D8-B239-51E844FB64A1","localSharedStyle":{"_class":"sharedStyle","do_objectID":"BE893134-BD4E-40D8-B239-51E844FB64A1","name":"Color / 03. On Primary/a. High Emphasis","value":{"_class":"style","endMarkerType":0,"miterLimit":10,"startMarkerType":0,"windingRule":1,"borderOptions":{"_class":"borderOptions","isEnabled":true,"dashPattern":[],"lineCapStyle":0,"lineJoinStyle":0},"borders":[{"_class":"border","isEnabled":false,"fillType":0,"color":{"_class":"color","alpha":1,"blue":0.5921569,"green":0.5921569,"red":0.5921569},"position":1,"thickness":1}],"fills":[{"_class":"fill","isEnabled":true,"fillType":0,"color":{"_class":"color","alpha":1,"blue":0,"green":0,"red":0}}]}}}],"foreignSwatches":[],"foreignSymbols":[],"foreignTextStyles":[],"layerTextStyles":{"_class":"sharedTextStyleContainer","do_objectID":"90D0348C-DBEA-4984-807B-C6FDC2470E07","objects":[{"_class":"sharedStyle","do_objectID":"15E55AE5-EAEA-4CB4-937D-3C923B86AF4C","name":"panino 4 Stile","value":{"_class":"style","endMarkerType":0,"miterLimit":0,"startMarkerType":0,"windingRule":1,"textStyle":{"_class":"textStyle","encodedAttributes":{"textStyleVerticalAlignmentKey":0,"MSAttributedStringFontAttribute":{"_class":"fontDescriptor","attributes":{"name":"Arial-BoldMT","size":18}},"MSAttributedStringColorAttribute":{"_class":"color","alpha":1,"blue":1,"green":1,"red":1},"paragraphStyle":{"_class":"paragraphStyle","alignment":0,"allowsDefaultTighteningForTruncation":0},"kerning":0},"verticalAlignment":0}}}]},"pages":[{"_class":"MSJSONFileReference","_ref_class":"MSImmutablePage","_ref":"pages/95E686ED-065F-44CB-9693-090E4FB60666"},{"_class":"MSJSONFileReference","_ref_class":"MSImmutablePage","_ref":"pages/96885BEE-F6A1-475B-8422-60E96C240B59"}],"sharedSwatches":{"_class":"swatchContainer","do_objectID":"35F34B1E-CE04-41F9-BB6D-D9AF7BE06FC9","objects":[{"_class":"swatch","do_objectID":"691199D5-73BD-4F04-A6DC-B4DE8580E73D","name":"Primary","value":{"_class":"color","alpha":1,"blue":0.53333336,"green":0.5882353,"red":0}},{"_class":"swatch","do_objectID":"67921245-599F-4F01-921E-B88515EE2EB3","name":"Dark Primary","value":{"_class":"color","alpha":1,"blue":0.41960785,"green":0.4745098,"red":0}},{"_class":"swatch","do_objectID":"A380D39C-BCC0-435F-A9A7-7035F983DCC0","name":"Light Primary","value":{"_class":"color","alpha":1,"blue":0.85882354,"green":0.8745098,"red":0.69803923}},{"_class":"swatch","do_objectID":"7551A9EE-FBFD-4B8A-9A5D-64BD9EE35876","name":"Accent","value":{"_class":"color","alpha":1,"blue":0.32156864,"green":0.32156864,"red":1}},{"_class":"swatch","do_objectID":"AE9DE791-06EC-48D7-9CCB-FB9E7CEE529B","name":"Background","value":{"_class":"color","alpha":1,"blue":1,"green":1,"red":1}},{"_class":"swatch","do_objectID":"6601A789-F222-40C6-B9E0-FDE741266393","name":"Primary Text","value":{"_class":"color","alpha":1,"blue":0,"green":0,"red":0}},{"_class":"swatch","do_objectID":"AAE12DBA-D800-4F4B-A289-B133CD897387","name":"Secondary Text","value":{"_class":"color","alpha":1,"blue":0.45882353,"green":0.45882353,"red":0.45882353}},{"_class":"swatch","do_objectID":"AFA9C7EC-BA2E-412F-A2AD-D4BEE1A2C75F","name":"Divider","value":{"_class":"color","alpha":1,"blue":0.7411765,"green":0.7411765,"red":0.7411765}}]}}