{"commit":"0ce88aa770a215a8c2e82639421b9d907b02ab75","pagesAndArtboards":{"95E686ED-065F-44CB-9693-090E4FB60666":{"name":"Pagina 1","artboards":{"0282CE6D-E2EC-48EB-BDC2-3566DDA2D41D":{"name":"Accesso"},"DD124EC9-83D5-4B0E-9250-F9141C2C7E82":{"name":"Accesso 2"},"AA104BE6-F70A-42C8-9DD3-8B9B495AA1BA":{"name":"Registrazione"},"5B32A435-CC4A-4B1B-9FC2-120CC9CB34F1":{"name":"Registrazione 2"},"9FF929FA-0C79-4F44-A03C-6CA94C9402FE":{"name":"Homepage"},"288483E3-F36A-4572-BE8F-061998757228":{"name":"Panino"},"7FA90181-A102-4249-8042-C84D265CF188":{"name":"Branding"}}},"96885BEE-F6A1-475B-8422-60E96C240B59":{"name":"Components","artboards":{"62F5E7F1-355A-4F66-8120-3E79767FA00A":{"name":"Cibo"},"9447D3F3-DFF7-4E97-A15B-AD7273D3D7E1":{"name":"descrizione 2"}}}},"version":144,"compatibilityVersion":99,"app":"com.bohemiancoding.sketch3","autosaved":0,"variant":"NONAPPSTORE","coeditCompatibilityVersion":143,"created":{"commit":"0ce88aa770a215a8c2e82639421b9d907b02ab75","appVersion":"91","build":150837,"app":"com.bohemiancoding.sketch3","coeditCompatibilityVersion":143,"compatibilityVersion":99,"version":144,"variant":"NONAPPSTORE"},"saveHistory":["NONAPPSTORE.150837"],"appVersion":"91","build":150837}