{"_class":"page","do_objectID":"96885BEE-F6A1-475B-8422-60E96C240B59","booleanOperation":-1,"isFixedToViewport":false,"isFlippedHorizontal":false,"isFlippedVertical":false,"isLocked":false,"isVisible":false,"isTemplate":false,"layerListExpandedType":0,"name":"Symbols","nameIsFixed":false,"resizingConstraint":63,"resizingType":0,"rotation":0,"shouldBreakMaskChain":false,"userInfo":{"com.icons8.lunacy":{"gridColor":"\"#4CF25555\"","pageColor":"\"#333333\"","isMasterSymbolPage":"true"}},"exportOptions":{"_class":"exportOptions","includedLayerIds":[],"layerOptions":0,"shouldTrim":false,"exportFormats":[]},"frame":{"_class":"rect","constrainProportions":true,"height":0,"width":0,"x":0,"y":0},"clippingMaskMode":0,"hasClippingMask":false,"hasClickThrough":true,"layers":[{"_class":"symbolMaster","do_objectID":"62F5E7F1-355A-4F66-8120-3E79767FA00A","booleanOperation":-1,"isFixedToViewport":false,"isFlippedHorizontal":false,"isFlippedVertical":false,"isLocked":false,"isVisible":true,"isTemplate":false,"layerListExpandedType":0,"name":"Cibo","nameIsFixed":true,"resizingConstraint":63,"resizingType":0,"rotation":0,"shouldBreakMaskChain":true,"userInfo":{"com.icons8.lunacy":{"gridColor":"\"#4CF25555\""}},"exportOptions":{"_class":"exportOptions","includedLayerIds":[],"layerOptions":0,"shouldTrim":false,"exportFormats":[]},"frame":{"_class":"rect","constrainProportions":false,"height":83.33331,"width":125,"x":0,"y":0},"clippingMaskMode":0,"hasClippingMask":false,"hasClickThrough":false,"groupLayout":{"_class":"MSImmutableFreeformGroupLayout"},"layers":[{"_class":"bitmap","do_objectID":"168F3783-048C-46D3-AA2C-A0B04CD3BA5D","booleanOperation":-1,"isFixedToViewport":false,"isFlippedHorizontal":false,"isFlippedVertical":false,"isLocked":false,"isVisible":true,"isTemplate":false,"layerListExpandedType":0,"name":"Cibo","nameIsFixed":false,"resizingConstraint":63,"resizingType":0,"rotation":0,"shouldBreakMaskChain":false,"userInfo":{"com.icons8.lunacy":{"photoInfo":"{\"MoosePhotoId\":\"621d1b5992a9c1000164ba18\",\"IllustrationId\":null,\"ContentName\":\"Cibo\",\"Width\":1607,\"Height\":1072,\"SupersizeWidth\":6428,\"SupersizeHeight\":4288}"}},"exportOptions":{"_class":"exportOptions","includedLayerIds":[],"layerOptions":0,"shouldTrim":false,"exportFormats":[]},"frame":{"_class":"rect","constrainProportions":true,"height":83.333336,"width":125,"x":0,"y":0},"clippingMaskMode":0,"hasClippingMask":false,"style":{"_class":"style","endMarkerType":0,"miterLimit":0,"startMarkerType":0,"windingRule":1},"clippingMask":"{{0, 0}, {1, 1}}","fillReplacesImage":false,"image":{"_class":"MSJSONFileReference","_ref_class":"MSImageData","_ref":"images/6d0249ec7c3428292fe8747b7ad57528a961c181.jpg"},"intendedDPI":144}],"hasBackgroundColor":false,"includeBackgroundColorInExport":true,"isFlowHome":false,"overlayBackgroundInteraction":0,"presentationStyle":0,"resizesContent":false,"backgroundColor":{"_class":"color","alpha":1,"blue":1,"green":1,"red":1},"horizontalRulerData":{"_class":"rulerData","base":0,"guides":[]},"verticalRulerData":{"_class":"rulerData","base":0,"guides":[]},"includeBackgroundColorInInstance":false,"symbolID":"10DA5090-7BAF-4293-977A-635C5B61D270","overrideProperties":[],"allowsOverrides":true},{"_class":"symbolMaster","do_objectID":"9447D3F3-DFF7-4E97-A15B-AD7273D3D7E1","booleanOperation":-1,"isFixedToViewport":false,"isFlippedHorizontal":false,"isFlippedVertical":false,"isLocked":false,"isVisible":true,"isTemplate":false,"layerListExpandedType":0,"name":"descrizione 2","nameIsFixed":true,"resizingConstraint":63,"resizingType":0,"rotation":0,"shouldBreakMaskChain":true,"userInfo":{"com.icons8.lunacy":{"gridColor":"\"#4CF25555\""}},"exportOptions":{"_class":"exportOptions","includedLayerIds":[],"layerOptions":0,"shouldTrim":false,"exportFormats":[]},"frame":{"_class":"rect","constrainProportions":false,"height":23,"width":112,"x":165,"y":0},"clippingMaskMode":0,"hasClippingMask":false,"hasClickThrough":false,"groupLayout":{"_class":"MSImmutableFreeformGroupLayout"},"layers":[{"_class":"text","do_objectID":"84E3646B-1BB5-46E9-A687-C75AB0D7AE3B","booleanOperation":-1,"isFixedToViewport":false,"isFlippedHorizontal":false,"isFlippedVertical":false,"isLocked":false,"isVisible":true,"isTemplate":false,"layerListExpandedType":0,"name":"descrizione 2","nameIsFixed":true,"resizingConstraint":63,"resizingType":0,"rotation":0,"shouldBreakMaskChain":false,"exportOptions":{"_class":"exportOptions","includedLayerIds":[],"layerOptions":0,"shouldTrim":false,"exportFormats":[]},"frame":{"_class":"rect","constrainProportions":false,"height":23,"width":112,"x":0,"y":0},"clippingMaskMode":0,"hasClippingMask":false,"style":{"_class":"style","endMarkerType":0,"miterLimit":0,"startMarkerType":0,"windingRule":1,"textStyle":{"_class":"textStyle","encodedAttributes":{"textStyleVerticalAlignmentKey":0,"MSAttributedStringFontAttribute":{"_class":"fontDescriptor","attributes":{"name":"Arial-BoldMT","size":20}},"MSAttributedStringColorAttribute":{"_class":"color","alpha":1,"blue":0,"green":0,"red":0},"paragraphStyle":{"_class":"paragraphStyle","alignment":0,"allowsDefaultTighteningForTruncation":0},"kerning":0},"verticalAlignment":0}},"attributedString":{"_class":"attributedString","string":"Descrizione","attributes":[{"_class":"stringAttribute","location":0,"length":11,"attributes":{"textStyleVerticalAlignmentKey":0,"MSAttributedStringFontAttribute":{"_class":"fontDescriptor","attributes":{"name":"Arial-BoldMT","size":20}},"MSAttributedStringColorAttribute":{"_class":"color","alpha":1,"blue":0,"green":0,"red":0},"paragraphStyle":{"_class":"paragraphStyle","alignment":0,"allowsDefaultTighteningForTruncation":0},"kerning":0}}]},"automaticallyDrawOnUnderlyingPath":false,"dontSynchroniseWithSymbol":false,"glyphBounds":"{{0, 0}, {112.265625, 23}}","lineSpacingBehaviour":2,"textBehaviour":0}],"hasBackgroundColor":false,"includeBackgroundColorInExport":true,"isFlowHome":false,"overlayBackgroundInteraction":0,"presentationStyle":0,"resizesContent":false,"backgroundColor":{"_class":"color","alpha":1,"blue":1,"green":1,"red":1},"horizontalRulerData":{"_class":"rulerData","base":0,"guides":[]},"verticalRulerData":{"_class":"rulerData","base":0,"guides":[]},"includeBackgroundColorInInstance":false,"symbolID":"99820EB3-D648-4E77-BB14-812FFC4A8998","overrideProperties":[],"allowsOverrides":true}],"horizontalRulerData":{"_class":"rulerData","base":0,"guides":[]},"verticalRulerData":{"_class":"rulerData","base":0,"guides":[]}}